序号,地点名称,玩法类型,省份,城市,详细地址/导航关键词,适合年龄,是否免费,停车情况,厕所情况,安全提醒,推荐理由,真实图片状态,经纬度状态,备注
1,木兰草原,露营,湖北,武汉,武汉市黄陂区王家河街道木兰草原景区,3-12岁,收费,景区停车场,景区厕所,节假日人多注意防晒和排队,草地开阔适合亲子露营和轻户外,待补充真实图,待核对,适合作为露营榜重点地点
2,东湖绿道湖边草坪,露营,湖北,武汉,武汉东湖绿道/湖光序曲/磨山周边草坪,0-12岁,免费,周边停车场较多,公共厕所较多,湖边看护儿童不要靠近深水,城市内可达性强适合轻露营和野餐,待补充真实图,待核对,适合首页TOP10
3,武汉花博汇,露营,湖北,武汉,武汉市蔡甸区天星村1号花博汇,0-12岁,收费,景区停车场,景区厕所,花期和节假日人流较大,配套成熟适合低龄儿童和拍照,待补充真实图,待核对,适合低龄家庭
4,梁子湖龙湾度假村周边,露营,湖北,鄂州/武汉周边,梁子湖龙湾度假村/梁子湖周边,3-12岁,部分收费,停车需按具体营地确认,厕所需按具体营地确认,湖边风大且需远离深水区域,湖景开阔适合亲子周末露营,待补充真实图,待核对,需核对具体营地边界
5,九真山风景区,露营,湖北,武汉,武汉市蔡甸区永安街九真山风景区,6-12岁,收费,景区停车场,景区厕所,山路台阶较多注意体力分配,山林环境好适合轻徒步和亲子露营体验,待补充真实图,待核对,可归入露营/徒步
6,木兰水镇,露营,湖北,武汉,武汉市黄陂区木兰水镇景区,3-12岁,收费,景区停车场,景区厕所,临水区域注意儿童看护,游乐和水景结合适合家庭一日游,待补充真实图,待核对,适合亲子综合游
7,后官湖湿地公园,露营,湖北,武汉,武汉市蔡甸区后官湖湿地公园,0-12岁,免费,周边停车方便,公共厕所,湖边和骑行道注意安全,湿地绿道开阔适合野餐和轻露营,待补充真实图,待核对,适合野餐榜/露营榜
8,香草花田,露营,湖北,武汉,武汉市蔡甸区香草花田景区,0-12岁,收费,景区停车场,景区厕所,户外注意防晒防蚊,花田和草坪场景适合亲子拍照和轻露营,待补充真实图,待核对,需核对当前开放状态
9,清凉寨,溯溪,湖北,武汉,武汉市黄陂区蔡店街清凉寨景区,6-12岁,收费,景区停车场,景区厕所,溪谷湿滑需穿防滑鞋雨后谨慎,夏季避暑和溪谷体验强,待补充真实图,待核对,溯溪榜重点地点
10,锦里沟,溯溪,湖北,武汉,武汉市黄陂区蔡店街锦里沟景区,6-12岁,收费,景区停车场,景区厕所,山路和水边需全程看护,峡谷溪流和民俗场景适合亲子徒步,待补充真实图,待核对,可归入溯溪/徒步
11,木兰天池,溯溪,湖北,武汉,武汉市黄陂区长轩岭街木兰天池景区,6-12岁,收费,景区停车场,景区厕所,台阶较多低龄儿童需量力而行,山水景观成熟适合亲子避暑,待补充真实图,待核对,适合夏季内容
12,野村谷,溯溪,湖北,武汉,武汉市黄陂区王家河街野村谷景区,3-12岁,收费,景区停车场,景区厕所,玩水区注意防滑和看护,亲子游乐和溪水体验结合,待补充真实图,待核对,适合低龄玩水
13,云雾山,溯溪,湖北,武汉,武汉市黄陂区李家集街云雾山景区,6-12岁,收费,景区停车场,景区厕所,山路较长注意体力和天气,山林溪谷资源丰富适合避暑,待补充真实图,待核对,需核对具体溪谷点位
14,大余湾,溯溪,湖北,武汉,武汉市黄陂区木兰乡大余湾,3-12岁,部分收费,村落周边停车,厕所需现场确认,村落水边注意看护,古村落加自然水系适合慢游,待补充真实图,待核对,需核对是否适合溯溪
15,九宫山溪谷,溯溪,湖北,咸宁,咸宁市通山县九宫山风景区,6-12岁,收费,景区停车场,景区厕所,距离武汉较远需规划一日或两日游,夏季清凉适合高温避暑,待补充真实图,待核对,武汉周边远途
16,薄刀峰周边溪谷,溯溪,湖北,黄冈,黄冈市罗田县薄刀峰风景区,8-12岁,收费,景区停车场,景区厕所,山路强度较高不适合太小儿童,森林和溪谷资源好适合大童家庭,待补充真实图,待核对,偏进阶
17,东湖绿道,徒步,湖北,武汉,武汉市东湖生态旅游风景区东湖绿道,0-12岁,免费,停车点较多,公共厕所较多,骑行人多注意儿童靠边行走,城市亲子徒步首选可长可短,待补充真实图,待核对,首页重点
18,马鞍山森林公园,徒步,湖北,武汉,武汉市洪山区马鞍山森林公园,3-12岁,免费,停车较方便,公共厕所,林区注意蚊虫和坡道,森林环境好适合轻徒步和自然观察,待补充真实图,待核对,适合周末半日
19,九峰森林动物园周边步道,徒步,湖北,武汉,武汉市洪山区九峰森林动物园/九峰国家森林公园,3-12岁,部分收费,停车场,厕所较方便,园区较大注意补水,动物园和森林步道组合适合亲子,待补充真实图,待核对,需区分动物园/森林公园
20,府河湿地,徒步,湖北,武汉,武汉市东西湖区府河湿地,6-12岁,免费,停车点需提前确认,厕所较少,湿地开阔注意防晒和防蚊,观鸟和自然观察体验好,待补充真实图,待核对,配套相对弱
21,木兰山,徒步,湖北,武汉,武汉市黄陂区木兰山风景区,6-12岁,收费,景区停车场,景区厕所,台阶较多低龄儿童慎选,经典山景适合大童亲子徒步,待补充真实图,待核对,徒步榜重点
22,江夏八分山,徒步,湖北,武汉,武汉市江夏区八分山,6-12岁,免费,停车需看具体入口,厕所较少,山路和观景点注意安全,城市近郊看日落和轻徒步热门,待补充真实图,待核对,需核对入口导航
23,青龙山森林公园,徒步,湖北,武汉,武汉市江夏区青龙山森林公园,3-12岁,免费,停车较方便,公共厕所,林区注意蚊虫和台阶,亲子轻徒步难度适中,待补充真实图,待核对,适合低强度徒步
24,后官湖绿道,徒步,湖北,武汉,武汉市蔡甸区后官湖绿道,0-12岁,免费,停车较方便,公共厕所,骑行道注意儿童安全,绿道平缓适合推车和低龄儿童,待补充真实图,待核对,低龄友好
25,东湖听涛景区,野餐,湖北,武汉,武汉市武昌区东湖听涛景区,0-12岁,免费,周边停车较方便,公共厕所,湖边注意看护,风景成熟交通方便适合低龄野餐,待补充真实图,待核对,野餐榜重点
26,沙湖公园,野餐,湖北,武汉,武汉市武昌区沙湖公园,0-12岁,免费,周边停车较方便,公共厕所,节假日人多注意看护,市区可达性强适合短时野餐,待补充真实图,待核对,适合城市家庭
27,解放公园,野餐,湖北,武汉,武汉市江岸区解放公园,0-12岁,免费,周边停车一般,公共厕所,人流较多注意儿童走散,老牌公园树荫多适合低龄儿童,待补充真实图,待核对,低龄友好
28,汉口江滩,野餐,湖北,武汉,武汉市江岸区汉口江滩,0-12岁,免费,周边停车一般,公共厕所,临江区域注意护栏和儿童安全,江景开阔适合散步和亲子休闲,待补充真实图,待核对,适合傍晚
29,月湖公园,野餐,湖北,武汉,武汉市汉阳区月湖公园,0-12岁,免费,周边停车一般,公共厕所,湖边注意看护,市区公园适合半日野餐和散步,待补充真实图,待核对,适合轻量内容
30,张公堤城市森林公园,野餐,湖北,武汉,武汉市江岸区/东西湖区张公堤城市森林公园,3-12岁,免费,停车需看具体入口,厕所需现场确认,林地较长注意选好入口和返程,绿量大适合骑行散步和野餐,待补充真实图,待核对,需拆分具体入口
